date,pm25,pm10
2014-01-01,166.0,79.0
2014-01-02,166.0,66.0
2014-01-03,153.0,82.0
2014-01-04,158.0,92.0
2014-01-05,179.0,90.0
2014-01-06,175.0,93.0
2014-01-07,173.0,59.0
2014-01-08,116.0,69.0
2014-01-09,133.0,56.0
2014-01-10,133.0,63.0
2014-01-11,144.0,58.0
2014-01-12,130.0,66.0
2014-01-13,140.0,48.0
2014-01-14,110.0,52.0
2014-01-15,120.0,48.0
2014-01-16,109.0,55.0
2014-01-17,109.0,66.0
2014-01-18,136.0,67.0
2014-01-19,156.0,79.0
2014-01-20,163.0,80.0
2014-01-21,165.0,76.0
2014-01-22,155.0,81.0
2014-01-23,159.0,67.0
2014-01-24,138.0,50.0
2014-01-25,99.0,44.0
2014-01-26,87.0,60.0
2014-01-27,119.0,63.0
2014-01-28,133.0,54.0
2014-01-29,106.0,48.0
2014-01-30,98.0,56.0
2014-01-31,129.0,57.0
2014-02-01,135.0,49.0
2014-02-02,112.0,45.0
2014-02-03,98.0,54.0
2014-02-04,114.0,51.0
2014-02-05,104.0,33.0
2014-02-06,75.0,24.0
2014-02-07,61.0,37.0
2014-02-08,89.0,45.0
2014-02-09,115.0,22.0
2014-02-10,64.0,33.0
2014-02-11,84.0,46.0
2014-02-12,113.0,55.0
2014-02-13,132.0,31.0
2014-02-14,83.0,50.0
2014-02-15,126.0,48.0
2014-02-16,114.0,53.0
2014-02-17,119.0,54.0
2014-02-18,129.0,57.0
2014-02-19,126.0,23.0
2014-02-20,55.0,36.0
2014-02-21,75.0,52.0
2014-02-22,104.0,52.0
2014-02-23,107.0,48.0
2014-02-24,101.0,41.0
2014-02-25,82.0,46.0
2014-02-26,102.0,48.0
2014-02-27,111.0,46.0
2014-02-28,105.0,51.0
2014-03-01,108.0,61.0
2014-03-02,128.0,50.0
2014-03-03,117.0,44.0
2014-03-04,95.0,65.0
2014-03-05,140.0,57.0
2014-03-06,124.0,53.0
2014-03-07,112.0,45.0
2014-03-08,98.0,47.0
2014-03-09,109.0,33.0
2014-03-10,76.0,44.0
2014-03-11,97.0,68.0
2014-03-12,148.0,80.0
2014-03-13,163.0,63.0
2014-03-14,138.0,61.0
2014-03-15,136.0,71.0
2014-03-16,157.0,75.0
2014-03-17,148.0,66.0
2014-03-18,147.0,62.0
2014-03-19,142.0,58.0
2014-03-20,132.0,64.0
2014-03-21,146.0,54.0
2014-03-22,116.0,61.0
2014-03-23,132.0,48.0
2014-03-24,88.0,49.0
2014-03-25,94.0,46.0
2014-03-26,94.0,78.0
2014-03-27,140.0,51.0
2014-03-28,113.0,55.0
2014-03-29,132.0,52.0
2014-03-30,127.0,48.0
2014-03-31,111.0,32.0
2014-04-01,81.0,41.0
2014-04-02,105.0,40.0
2014-04-03,96.0,30.0
2014-04-04,76.0,52.0
2014-04-05,119.0,61.0
2014-04-06,140.0,64.0
2014-04-07,152.0,55.0
2014-04-08,127.0,44.0
2014-04-09,103.0,41.0
2014-04-10,97.0,55.0
2014-04-11,128.0,54.0
2014-04-12,121.0,55.0
2014-04-13,118.0,63.0
2014-04-14,151.0,54.0
2014-04-15,115.0,54.0
2014-04-16,108.0,65.0
2014-04-17,138.0,56.0
2014-04-18,113.0,43.0
2014-04-19,90.0,42.0
2014-04-20,93.0,47.0
2014-04-21,105.0,54.0
2014-04-22,114.0,57.0
2014-04-23,130.0,46.0
2014-04-24,105.0,52.0
2014-04-25,118.0,52.0
2014-04-26,122.0,49.0
2014-04-27,114.0,58.0
2014-04-28,124.0,50.0
2014-04-29,108.0,55.0
2014-04-30,126.0,63.0
2014-05-01,144.0,49.0
2014-05-02,114.0,36.0
2014-05-03,82.0,49.0
2014-05-04,109.0,52.0
2014-05-05,118.0,38.0
2014-05-06,88.0,46.0
2014-05-07,102.0,40.0
2014-05-08,94.0,36.0
2014-05-09,90.0,23.0
2014-05-10,58.0,33.0
2014-05-11,75.0,39.0
2014-05-12,81.0,43.0
2014-05-13,102.0,59.0
2014-05-14,142.0,46.0
2014-05-15,88.0,36.0
2014-05-16,76.0,39.0
2014-05-17,89.0,37.0
2014-05-18,86.0,31.0
2014-05-19,75.0,31.0
2014-05-20,70.0,33.0
2014-05-21,79.0,35.0
2014-05-22,82.0,37.0
2014-05-23,79.0,39.0
2014-05-24,88.0,40.0
2014-05-25,92.0,27.0
2014-05-26,66.0,28.0
2014-05-27,53.0,29.0
2014-05-28,70.0,24.0
2014-05-29,61.0,26.0
2014-05-30,64.0,27.0
2014-05-31,64.0,32.0
2014-06-01,79.0,23.0
2014-06-02,58.0,20.0
2014-06-03,51.0,26.0
2014-06-04,62.0,24.0
2014-06-05,60.0,29.0
2014-06-06,67.0,34.0
2014-06-07,77.0,40.0
2014-06-08,95.0,68.0
2014-06-09,146.0,36.0
2014-06-10,81.0,44.0
2014-06-11,100.0,40.0
2014-06-12,87.0,51.0
2014-06-13,103.0,61.0
2014-06-14,130.0,55.0
2014-06-15,123.0,50.0
2014-06-16,119.0,43.0
2014-06-17,100.0,32.0
2014-06-18,69.0,34.0
2014-06-19,74.0,34.0
2014-06-20,75.0,35.0
2014-06-21,75.0,43.0
2014-06-22,98.0,33.0
2014-06-23,79.0,39.0
2014-06-24,86.0,43.0
2014-06-25,88.0,47.0
2014-06-26,94.0,56.0
2014-06-27,91.0,46.0
2014-06-28,94.0,45.0
2014-06-29,92.0,35.0
2014-06-30,79.0,36.0
2014-07-01,80.0,32.0
2014-07-02,72.0,40.0
2014-07-03,86.0,32.0
2014-07-04,70.0,33.0
2014-07-05,76.0,34.0
2014-07-06,75.0,35.0
2014-07-07,81.0,46.0
2014-07-08,107.0,65.0
2014-07-09,151.0,65.0
2014-07-10,150.0,37.0
2014-07-11,85.0,30.0
2014-07-12,73.0,36.0
2014-07-13,85.0,27.0
2014-07-14,65.0,28.0
2014-07-15,65.0,26.0
2014-07-16,65.0,35.0
2014-07-17,82.0,31.0
2014-07-18,72.0,28.0
2014-07-19,56.0,39.0
2014-07-20,74.0,35.0
2014-07-21,79.0,42.0
2014-07-22,93.0,55.0
2014-07-23,126.0,48.0
2014-07-24,111.0,35.0
2014-07-25,74.0,33.0
2014-07-26,73.0,31.0
2014-07-27,70.0,32.0
2014-07-28,75.0,33.0
2014-07-29,73.0,44.0
2014-07-30,99.0,45.0
2014-07-31,105.0,40.0
2014-08-01,89.0,44.0
2014-08-02,95.0,48.0
2014-08-03,106.0,37.0
2014-08-04,88.0,36.0
2014-08-05,83.0,42.0
2014-08-06,96.0,38.0
2014-08-07,88.0,32.0
2014-08-08,72.0,28.0
2014-08-09,60.0,28.0
2014-08-10,62.0,25.0
2014-08-11,54.0,29.0
2014-08-12,60.0,34.0
2014-08-13,71.0,34.0
2014-08-14,79.0,29.0
2014-08-15,63.0,38.0
2014-08-16,74.0,32.0
2014-08-17,66.0,31.0
2014-08-18,64.0,36.0
2014-08-19,63.0,32.0
2014-08-20,71.0,33.0
2014-08-21,74.0,32.0
2014-08-22,71.0,31.0
2014-08-23,67.0,30.0
2014-08-24,73.0,32.0
2014-08-25,74.0,31.0
2014-08-26,71.0,29.0
2014-08-27,65.0,32.0
2014-08-28,66.0,35.0
2014-08-29,72.0,32.0
2014-08-30,65.0,43.0
2014-08-31,87.0,29.0
2014-09-01,65.0,38.0
2014-09-02,70.0,37.0
2014-09-03,78.0,27.0
2014-09-04,55.0,50.0
2014-09-05,104.0,50.0
2014-09-06,114.0,53.0
2014-09-07,120.0,35.0
2014-09-08,73.0,33.0
2014-09-09,69.0,36.0
2014-09-10,77.0,35.0
2014-09-11,76.0,34.0
2014-09-12,78.0,27.0
2014-09-13,59.0,32.0
2014-09-14,74.0,25.0
2014-09-15,54.0,42.0
2014-09-16,87.0,27.0
2014-09-17,40.0,44.0
2014-09-18,82.0,47.0
2014-09-19,96.0,73.0
2014-09-20,141.0,57.0
2014-09-21,120.0,42.0
2014-09-22,91.0,51.0
2014-09-23,118.0,56.0
2014-09-24,133.0,61.0
2014-09-25,139.0,63.0
2014-09-26,145.0,49.0
2014-09-27,114.0,45.0
2014-09-28,107.0,43.0
2014-09-29,99.0,37.0
2014-09-30,83.0,56.0
2014-10-01,119.0,35.0
2014-10-02,82.0,39.0
2014-10-03,92.0,48.0
2014-10-04,114.0,46.0
2014-10-05,106.0,58.0
2014-10-06,127.0,55.0
2014-10-07,102.0,63.0
2014-10-08,129.0,56.0
2014-10-09,117.0,52.0
2014-10-10,103.0,51.0
2014-10-11,102.0,54.0
2014-10-12,113.0,54.0
2014-10-13,116.0,54.0
2014-10-14,107.0,64.0
2014-10-15,145.0,69.0
2014-10-16,156.0,64.0
2014-10-17,147.0,60.0
2014-10-18,125.0,55.0
2014-10-19,111.0,52.0
2014-10-20,91.0,51.0
2014-10-21,99.0,54.0
2014-10-22,113.0,60.0
2014-10-23,134.0,48.0
2014-10-24,98.0,55.0
2014-10-25,110.0,50.0
2014-10-26,93.0,48.0
2014-10-27,104.0,54.0
2014-10-28,119.0,55.0
2014-10-29,101.0,50.0
2014-10-30,82.0,50.0
2014-10-31,93.0,48.0
2014-11-01,95.0,49.0
2014-11-02,104.0,55.0
2014-11-03,108.0,61.0
2014-11-04,143.0,60.0
2014-11-05,139.0,53.0
2014-11-06,103.0,52.0
2014-11-07,107.0,52.0
2014-11-08,120.0,30.0
2014-11-09,72.0,32.0
2014-11-10,72.0,35.0
2014-11-11,73.0,47.0
2014-11-12,97.0,54.0
2014-11-13,113.0,37.0
2014-11-14,85.0,57.0
2014-11-15,138.0,50.0
2014-11-16,97.0,56.0
2014-11-17,116.0,60.0
2014-11-18,142.0,67.0
2014-11-19,154.0,65.0
2014-11-20,148.0,47.0
2014-11-21,87.0,41.0
2014-11-22,79.0,49.0
2014-11-23,101.0,33.0
2014-11-24,70.0,39.0
2014-11-25,76.0,41.0
2014-11-26,86.0,62.0
2014-11-27,142.0,46.0
2014-11-28,104.0,45.0
2014-11-29,102.0,38.0
2014-11-30,80.0,37.0
2014-12-01,75.0,34.0
2014-12-02,73.0,47.0
2014-12-03,120.0,55.0
2014-12-04,130.0,27.0
2014-12-05,60.0,39.0
2014-12-06,83.0,47.0
2014-12-07,92.0,49.0
2014-12-08,96.0,50.0
2014-12-09,111.0,50.0
2014-12-10,101.0,68.0
2014-12-11,141.0,70.0
2014-12-12,155.0,60.0
2014-12-13,126.0,66.0
2014-12-14,132.0,67.0
2014-12-15,142.0,61.0
2014-12-16,121.0,75.0
2014-12-17,144.0,63.0
2014-12-18,110.0,60.0
2014-12-19,116.0,60.0
2014-12-20,137.0,56.0
2014-12-21,124.0,59.0
2014-12-22,124.0,69.0
2014-12-23,153.0,73.0
2014-12-24,158.0,57.0
2014-12-25,130.0,51.0
2014-12-26,119.0,53.0
2014-12-27,133.0,51.0
2014-12-28,116.0,44.0
2014-12-29,114.0,49.25
2014-12-30,118.5,54.5
2014-12-31,123.0,59.75
2015-01-01,127.5,65.0
2015-01-02,132.0,79.0
2015-01-03,156.0,56.0
2015-01-04,109.0,54.0
2015-01-05,111.0,56.0
2015-01-06,116.0,66.0
2015-01-07,142.0,61.0
2015-01-08,135.0,61.0
2015-01-09,124.0,66.0
2015-01-10,146.0,67.0
2015-01-11,148.0,66.0
2015-01-12,140.0,54.0
2015-01-13,126.0,27.0
2015-01-14,66.0,40.0
2015-01-15,87.0,43.0
2015-01-16,94.0,59.0
2015-01-17,120.0,57.0
2015-01-18,129.0,73.0
2015-01-19,158.0,65.0
2015-01-20,149.0,66.0
2015-01-21,133.0,106.0
2015-01-22,188.0,68.0
2015-01-23,148.0,67.0
2015-01-24,138.0,71.0
2015-01-25,154.0,65.0
2015-01-26,140.0,59.0
2015-01-27,140.0,58.0
2015-01-28,138.0,47.0
2015-01-29,98.0,51.0
2015-01-30,112.0,66.0
2015-01-31,140.0,59.0
2015-02-01,135.0,68.0
2015-02-02,156.0,60.0
2015-02-03,136.0,58.0
2015-02-04,131.0,73.0
2015-02-05,157.0,55.0
2015-02-06,123.0,69.0
2015-02-07,160.0,86.0
2015-02-08,172.0,77.0
2015-02-09,165.0,81.0
2015-02-10,162.0,70.0
2015-02-11,149.0,91.0
2015-02-12,173.0,97.0
2015-02-13,189.0,68.0
2015-02-14,133.0,67.0
2015-02-15,131.0,94.0
2015-02-16,174.0,150.0
2015-02-17,207.0,72.0
2015-02-18,157.0,73.0
2015-02-19,154.0,72.0
2015-02-20,143.0,57.0
2015-02-21,106.0,60.0
2015-02-22,121.0,51.0
2015-02-23,117.0,36.0
2015-02-24,88.0,52.0
2015-02-25,123.0,49.0
2015-02-26,108.0,45.0
2015-02-27,101.0,40.0
2015-02-28,80.0,42.0
2015-03-01,87.0,42.0
2015-03-02,92.0,47.0
2015-03-03,92.0,73.0
2015-03-04,146.0,46.0
2015-03-05,105.0,37.0
2015-03-06,91.0,50.0
2015-03-07,120.0,54.0
2015-03-08,129.0,41.0
2015-03-09,92.0,58.0
2015-03-10,132.0,56.0
2015-03-11,107.0,65.0
2015-03-12,148.0,31.0
2015-03-13,75.0,43.0
2015-03-14,93.0,57.0
2015-03-15,121.0,54.0
2015-03-16,131.0,51.0
2015-03-17,127.0,51.0
2015-03-18,123.0,46.0
2015-03-19,106.0,52.0
2015-03-20,121.0,52.0
2015-03-21,117.0,66.0
2015-03-22,153.0,55.0
2015-03-23,121.0,66.0
2015-03-24,126.0,64.0
2015-03-25,133.0,55.0
2015-03-26,110.0,58.0
2015-03-27,132.0,58.0
2015-03-28,134.0,51.0
2015-03-29,114.0,50.0
2015-03-30,113.0,54.0
2015-03-31,124.0,45.0
2015-04-01,101.0,41.0
2015-04-02,91.0,37.0
2015-04-03,84.0,37.0
2015-04-04,81.0,35.0
2015-04-05,80.0,38.0
2015-04-06,89.0,37.0
2015-04-07,81.0,37.0
2015-04-08,78.0,36.0
2015-04-09,79.0,44.0
2015-04-10,102.0,45.0
2015-04-11,96.0,28.0
2015-04-12,69.0,40.0
2015-04-13,96.0,69.0
2015-04-14,151.0,60.0
2015-04-15,101.0,55.0
2015-04-16,100.0,51.0
2015-04-17,102.0,44.0
2015-04-18,87.0,44.0
2015-04-19,93.0,37.0
2015-04-20,77.0,46.0
2015-04-21,95.0,44.0
2015-04-22,93.0,51.0
2015-04-23,107.0,55.0
2015-04-24,112.0,67.0
2015-04-25,139.0,60.0
2015-04-26,125.0,53.0
2015-04-27,97.0,54.0
2015-04-28,107.0,44.0
2015-04-29,90.0,43.0
2015-04-30,90.0,45.0
2015-05-01,97.0,36.0
2015-05-02,79.0,31.0
2015-05-03,70.0,29.0
2015-05-04,65.0,32.0
2015-05-05,72.0,33.0
2015-05-06,74.0,40.0
2015-05-07,83.0,31.0
2015-05-08,69.0,29.0
2015-05-09,66.0,32.0
2015-05-10,74.0,32.0
2015-05-11,70.0,34.0
2015-05-12,75.0,38.0
2015-05-13,79.0,47.0
2015-05-14,92.0,34.0
2015-05-15,75.0,33.0
2015-05-16,74.0,40.0
2015-05-17,94.0,30.0
2015-05-18,67.0,29.0
2015-05-19,62.0,33.0
2015-05-20,68.0,38.0
2015-05-21,80.0,31.0
2015-05-22,72.0,33.0
2015-05-23,74.0,36.0
2015-05-24,87.0,48.0
2015-05-25,114.0,47.0
2015-05-26,103.0,43.0
2015-05-27,95.0,41.0
2015-05-28,80.0,41.0
2015-05-29,80.0,41.0
2015-05-30,77.0,39.0
2015-05-31,76.0,39.0
2015-06-01,81.0,34.0
2015-06-02,70.0,29.0
2015-06-03,60.0,27.0
2015-06-04,58.0,23.0
2015-06-05,52.0,24.0
2015-06-06,55.0,34.0
2015-06-07,77.0,29.0
2015-06-08,65.0,28.0
2015-06-09,66.0,28.0
2015-06-10,64.0,28.0
2015-06-11,59.0,31.0
2015-06-12,64.0,31.0
2015-06-13,68.0,26.0
2015-06-14,60.0,27.0
2015-06-15,62.0,27.0
2015-06-16,62.0,27.0
2015-06-17,63.0,19.0
2015-06-18,47.0,19.0
2015-06-19,49.0,21.0
2015-06-20,50.0,26.0
2015-06-21,61.0,28.0
2015-06-22,64.0,27.0
2015-06-23,58.0,27.0
2015-06-24,56.0,33.0
2015-06-25,66.0,35.0
2015-06-26,68.0,30.0
2015-06-27,56.0,34.0
2015-06-28,68.0,30.0
2015-06-29,63.0,25.0
2015-06-30,55.0,31.0
2015-07-01,64.0,28.0
2015-07-02,59.0,33.0
2015-07-03,63.0,34.0
2015-07-04,66.0,39.0
2015-07-05,78.0,38.0
2015-07-06,77.0,52.0
2015-07-07,116.0,47.0
2015-07-08,97.0,48.0
2015-07-09,106.0,40.0
2015-07-10,84.0,31.0
2015-07-11,66.0,56.0
2015-07-12,118.0,63.0
2015-07-13,154.0,45.0
2015-07-14,106.0,35.0
2015-07-15,76.0,35.0
2015-07-16,80.0,35.0
2015-07-17,82.0,39.0
2015-07-18,86.0,40.0
2015-07-19,86.0,43.0
2015-07-20,98.0,29.0
2015-07-21,65.0,20.0
2015-07-22,46.0,30.0
2015-07-23,67.0,37.0
2015-07-24,74.0,38.0
2015-07-25,73.0,37.0
2015-07-26,72.0,35.0
2015-07-27,69.0,43.0
2015-07-28,84.0,34.0
2015-07-29,70.0,33.0
2015-07-30,73.0,29.0
2015-07-31,69.0,30.0
2015-08-01,69.0,27.0
2015-08-02,61.0,26.0
2015-08-03,57.0,33.0
2015-08-04,74.0,38.0
2015-08-05,85.0,39.0
2015-08-06,84.0,39.0
2015-08-07,88.0,62.0
2015-08-08,125.0,72.0
2015-08-09,157.0,58.0
2015-08-10,131.0,35.0
2015-08-11,83.0,32.0
2015-08-12,74.0,34.0
2015-08-13,75.0,25.0
2015-08-14,59.0,34.0
2015-08-15,77.0,38.0
2015-08-16,82.0,33.0
2015-08-17,70.0,31.0
2015-08-18,66.0,28.0
2015-08-19,61.0,28.0
2015-08-20,64.0,46.0
2015-08-21,104.0,68.0
2015-08-22,154.0,63.0
2015-08-23,135.0,65.0
2015-08-24,145.0,72.0
2015-08-25,160.0,68.0
2015-08-26,155.0,53.0
2015-08-27,122.0,40.0
2015-08-28,91.0,36.0
2015-08-29,83.0,36.0
2015-08-30,81.0,33.0
2015-08-31,77.0,35.0
2015-09-01,80.0,31.0
2015-09-02,68.0,27.0
2015-09-03,63.0,33.0
2015-09-04,72.0,35.0
2015-09-05,74.0,37.0
2015-09-06,79.0,31.0
2015-09-07,66.0,31.0
2015-09-08,72.0,44.0
2015-09-09,95.0,43.0
2015-09-10,80.0,41.0
2015-09-11,78.0,45.0
2015-09-12,89.0,51.0
2015-09-13,107.0,50.0
2015-09-14,111.0,49.0
2015-09-15,99.0,45.0
2015-09-16,83.0,43.0
2015-09-17,85.0,40.0
2015-09-18,81.0,51.0
2015-09-19,111.0,58.0
2015-09-20,134.0,51.0
2015-09-21,120.0,52.0
2015-09-22,126.0,37.0
2015-09-23,84.0,35.0
2015-09-24,77.0,34.0
2015-09-25,74.0,37.0
2015-09-26,81.0,48.0
2015-09-27,112.0,48.0
2015-09-28,108.0,52.0
2015-09-29,123.0,61.0
2015-09-30,132.0,61.0
2015-10-01,144.0,53.0
2015-10-02,121.0,61.0
2015-10-03,130.0,45.0
2015-10-04,100.0,27.0
2015-10-05,57.0,28.0
2015-10-06,65.0,35.0
2015-10-07,81.0,37.0
2015-10-08,84.0,44.0
2015-10-09,102.0,45.0
2015-10-10,98.0,44.0
2015-10-11,101.0,35.0
2015-10-12,79.0,41.0
2015-10-13,91.0,59.0
2015-10-14,127.0,68.0
2015-10-15,147.0,64.0
2015-10-16,139.0,70.0
2015-10-17,157.0,62.0
2015-10-18,144.0,61.0
2015-10-19,134.0,65.0
2015-10-20,151.0,61.0
2015-10-21,141.0,51.0
2015-10-22,114.0,45.0
2015-10-23,99.0,55.0
2015-10-24,119.0,51.0
2015-10-25,112.0,42.0
2015-10-26,84.0,46.0
2015-10-27,96.0,51.0
2015-10-28,107.0,52.0
2015-10-29,120.0,53.0
2015-10-30,116.0,48.0
2015-10-31,102.0,44.0
2015-11-01,93.0,44.0
2015-11-02,92.0,37.0
2015-11-03,82.0,50.0
2015-11-04,113.0,58.0
2015-11-05,134.0,46.0
2015-11-06,101.0,37.0
2015-11-07,80.0,35.0
2015-11-08,77.0,35.0
2015-11-09,76.0,31.0
2015-11-10,68.0,41.0
2015-11-11,84.0,51.0
2015-11-12,108.0,45.0
2015-11-13,90.0,44.0
2015-11-14,98.0,46.0
2015-11-15,107.0,39.0
2015-11-16,85.0,43.0
2015-11-17,80.0,35.0
2015-11-18,72.0,38.0
2015-11-19,86.0,36.0
2015-11-20,79.0,48.0
2015-11-21,104.0,48.0
2015-11-22,97.0,44.0
2015-11-23,93.0,45.0
2015-11-24,95.0,38.0
2015-11-25,77.0,47.0
2015-11-26,93.0,37.0
2015-11-27,71.0,40.0
2015-11-28,78.0,49.0
2015-11-29,98.0,63.0
2015-11-30,124.0,69.0
2015-12-01,156.0,48.0
2015-12-02,107.0,47.0
2015-12-03,96.0,44.0
2015-12-04,93.0,45.0
2015-12-05,91.0,46.0
2015-12-06,94.0,24.0
2015-12-07,61.0,36.0
2015-12-08,83.0,37.0
2015-12-09,86.0,31.0
2015-12-10,80.0,38.0
2015-12-11,98.0,33.0
2015-12-12,77.0,46.0
2015-12-13,98.0,50.0
2015-12-14,106.0,49.0
2015-12-15,112.0,40.0
2015-12-16,97.0,66.0
2015-12-17,148.0,49.0
2015-12-18,97.0,53.0
2015-12-19,112.0,57.0
2015-12-20,122.0,52.0
2015-12-21,122.0,32.0
2015-12-22,83.0,43.0
2015-12-23,98.0,59.0
2015-12-24,139.0,55.0
2015-12-25,128.0,35.0
2015-12-26,86.0,42.0
2015-12-27,99.0,52.0
2015-12-28,121.0,31.0
2015-12-29,73.0,49.0
2015-12-30,106.0,59.0
2015-12-31,144.0,54.0
2016-01-01,133.5,49.0
2016-01-02,123.0,44.0
2016-01-03,112.5,39.0
2016-01-04,102.0,33.0
2016-01-05,79.0,41.0
2016-01-06,95.0,41.0
2016-01-07,91.0,39.0
2016-01-08,90.0,50.0
2016-01-09,115.0,52.0
2016-01-10,113.0,57.0
2016-01-11,126.0,30.0
2016-01-12,75.0,32.0
2016-01-13,78.0,41.0
2016-01-14,91.0,50.0
2016-01-15,112.0,37.0
2016-01-16,100.0,40.0
2016-01-17,103.0,34.0
2016-01-18,90.0,34.0
2016-01-19,82.0,46.0
2016-01-20,103.0,41.0
2016-01-21,107.0,32.0
2016-01-22,81.0,22.0
2016-01-23,65.0,26.0
2016-01-24,66.0,40.0
2016-01-25,90.0,45.0
2016-01-26,77.0,48.0
2016-01-27,91.0,34.0
2016-01-28,86.0,27.0
2016-01-29,72.0,17.0
2016-01-30,51.0,31.0
2016-01-31,79.0,33.0
2016-02-01,74.0,22.0
2016-02-02,62.0,27.0
2016-02-03,71.0,36.0
2016-02-04,92.0,58.0
2016-02-05,137.0,49.0
2016-02-06,119.0,51.0
2016-02-07,116.0,38.0
2016-02-08,81.0,40.0
2016-02-09,86.0,40.0
2016-02-10,81.0,35.0
2016-02-11,75.0,59.0
2016-02-12,104.0,47.0
2016-02-13,118.0,30.0
2016-02-14,74.0,39.0
2016-02-15,98.0,30.0
2016-02-16,76.0,38.0
2016-02-17,94.0,47.0
2016-02-18,104.0,32.0
2016-02-19,85.0,40.0
2016-02-20,99.0,45.0
2016-02-21,112.0,72.0
2016-02-22,126.0,77.0
2016-02-23,119.0,50.0
2016-02-24,106.0,27.0
2016-02-25,63.0,33.0
2016-02-26,78.0,56.0
2016-02-27,119.0,62.0
2016-02-28,146.0,37.0
2016-02-29,92.0,48.0
2016-03-01,99.0,73.0
2016-03-02,151.0,57.0
2016-03-03,113.0,45.0
2016-03-04,91.0,43.0
2016-03-05,90.0,47.0
2016-03-06,97.0,45.0
2016-03-07,100.5,43.0
2016-03-08,104.0,40.0
2016-03-09,101.0,35.0
2016-03-10,90.0,17.0
2016-03-11,49.0,28.0
2016-03-12,71.0,42.0
2016-03-13,106.0,32.0
2016-03-14,91.0,31.0
2016-03-15,80.0,49.0
2016-03-16,108.0,44.0
2016-03-17,107.0,25.0
2016-03-18,73.0,57.0
2016-03-19,134.0,53.0
2016-03-20,133.0,47.0
2016-03-21,111.0,35.0
2016-03-22,86.0,29.0
2016-03-23,75.0,35.0
2016-03-24,90.0,19.0
2016-03-25,59.0,44.0
2016-03-26,110.0,45.0
2016-03-27,102.0,43.0
2016-03-28,99.0,53.0
2016-03-29,122.0,45.0
2016-03-30,99.0,69.0
2016-03-31,139.0,85.0
2016-04-01,167.0,65.0
2016-04-02,152.0,59.0
2016-04-03,145.0,54.0
2016-04-04,137.0,39.0
2016-04-05,98.0,33.0
2016-04-06,80.0,34.0
2016-04-07,89.0,39.0
2016-04-08,96.0,40.0
2016-04-09,99.0,35.0
2016-04-10,90.0,31.0
2016-04-11,79.0,25.0
2016-04-12,65.0,30.0
2016-04-13,73.0,41.0
2016-04-14,103.0,46.0
2016-04-15,111.0,29.0
2016-04-16,76.0,54.0
2016-04-17,113.0,36.0
2016-04-18,90.0,29.0
2016-04-19,73.0,32.0
2016-04-20,69.0,50.0
2016-04-21,100.0,53.0
2016-04-22,126.0,45.0
2016-04-23,108.0,35.0
2016-04-24,81.0,38.0
2016-04-25,87.0,38.0
2016-04-26,91.0,30.0
2016-04-27,76.0,40.0
2016-04-28,99.0,55.0
2016-04-29,123.0,49.0
2016-04-30,106.0,62.0
2016-05-01,134.0,46.0
2016-05-02,103.0,45.0
2016-05-03,110.0,34.0
2016-05-04,83.0,35.0
2016-05-05,84.0,33.0
2016-05-06,85.0,39.0
2016-05-07,92.0,33.0
2016-05-08,86.0,28.0
2016-05-09,76.0,28.0
2016-05-10,73.0,30.0
2016-05-11,76.0,40.0
2016-05-12,91.0,49.0
2016-05-13,105.0,46.0
2016-05-14,103.0,45.0
2016-05-15,103.0,40.0
2016-05-16,92.0,41.0
2016-05-17,88.0,38.0
2016-05-18,78.0,46.0
2016-05-19,87.0,47.0
2016-05-20,96.0,43.0
2016-05-21,97.0,35.0
2016-05-22,90.0,37.0
2016-05-23,89.0,41.0
2016-05-24,97.0,55.0
2016-05-25,136.0,36.0
2016-05-26,91.0,35.0
2016-05-27,83.0,26.0
2016-05-28,63.0,31.0
2016-05-29,72.0,33.0
2016-05-30,76.0,27.0
2016-05-31,64.0,26.0
2016-06-01,63.0,23.0
2016-06-02,60.0,23.0
2016-06-03,56.0,27.0
2016-06-04,61.0,32.0
2016-06-05,74.0,27.0
2016-06-06,70.0,28.0
2016-06-07,72.0,31.0
2016-06-08,77.0,31.0
2016-06-09,75.0,24.0
2016-06-10,65.0,26.0
2016-06-11,67.0,24.0
2016-06-12,65.0,24.0
2016-06-13,63.0,36.0
2016-06-14,78.0,33.0
2016-06-15,71.0,34.0
2016-06-16,72.0,35.0
2016-06-17,78.0,32.0
2016-06-18,76.0,25.0
2016-06-19,62.0,25.0
2016-06-20,66.0,29.0
2016-06-21,67.0,25.0
2016-06-22,61.0,24.0
2016-06-23,61.0,23.0
2016-06-24,61.0,29.0
2016-06-25,71.0,30.0
2016-06-26,69.0,26.0
2016-06-27,63.0,27.0
2016-06-28,68.0,27.0
2016-06-29,69.0,26.0
2016-06-30,62.0,24.0
2016-07-01,57.0,20.0
2016-07-02,51.0,26.0
2016-07-03,62.0,23.0
2016-07-04,58.0,20.0
2016-07-05,51.0,39.0
2016-07-06,73.0,30.0
2016-07-07,70.0,34.0
2016-07-08,76.0,50.0
2016-07-09,114.0,62.0
2016-07-10,146.0,29.0
2016-07-11,71.0,32.0
2016-07-12,76.0,22.0
2016-07-13,56.0,35.0
2016-07-14,82.0,30.0
2016-07-15,69.0,33.0
2016-07-16,69.0,30.0
2016-07-17,65.0,25.0
2016-07-18,59.0,27.0
2016-07-19,58.0,26.0
2016-07-20,62.0,29.0
2016-07-21,64.0,26.0
2016-07-22,62.0,28.0
2016-07-23,67.0,25.0
2016-07-24,66.0,25.0
2016-07-25,69.0,31.0
2016-07-26,74.0,27.0
2016-07-27,70.0,25.0
2016-07-28,60.0,19.0
2016-07-29,54.0,24.0
2016-07-30,60.0,39.0
2016-07-31,92.0,49.0
2016-08-01,112.0,56.0
2016-08-02,120.0,24.0
2016-08-03,48.0,34.0
2016-08-04,77.0,27.0
2016-08-05,70.0,37.0
2016-08-06,83.0,37.0
2016-08-07,85.0,34.0
2016-08-08,81.0,39.0
2016-08-09,89.0,43.0
2016-08-10,101.0,43.0
2016-08-11,102.0,42.0
2016-08-12,105.0,41.0
2016-08-13,99.0,26.0
2016-08-14,65.0,21.0
2016-08-15,58.0,25.0
2016-08-16,66.0,22.0
2016-08-17,60.0,18.0
2016-08-18,51.0,27.0
2016-08-19,62.0,37.0
2016-08-20,76.0,52.0
2016-08-21,109.0,36.0
2016-08-22,79.0,37.0
2016-08-23,86.0,37.0
2016-08-24,86.0,32.0
2016-08-25,89.0,37.0
2016-08-26,105.0,42.0
2016-08-27,97.0,43.0
2016-08-28,99.0,44.0
2016-08-29,110.0,52.0
2016-08-30,122.0,49.0
2016-08-31,110.0,48.0
2016-09-01,116.0,29.0
2016-09-02,71.0,34.0
2016-09-03,66.0,37.0
2016-09-04,92.0,33.0
2016-09-05,92.0,17.0
2016-09-06,62.0,29.0
2016-09-07,71.0,26.0
2016-09-08,71.0,30.0
2016-09-09,72.0,30.0
2016-09-10,72.0,30.0
2016-09-11,71.0,28.0
2016-09-12,66.0,36.0
2016-09-13,79.0,37.0
2016-09-14,82.0,53.0
2016-09-15,116.0,43.0
2016-09-16,102.0,32.0
2016-09-17,80.0,41.0
2016-09-18,93.0,40.0
2016-09-19,93.0,37.0
2016-09-20,82.0,46.0
2016-09-21,114.0,49.0
2016-09-22,100.0,46.0
2016-09-23,89.0,41.0
2016-09-24,86.0,42.0
2016-09-25,85.0,48.0
2016-09-26,106.0,59.0
2016-09-27,133.0,75.0
2016-09-28,162.0,60.0
2016-09-29,130.0,40.0
2016-09-30,88.0,60.0
2016-10-01,124.0,41.0
2016-10-02,98.0,34.0
2016-10-03,76.0,27.0
2016-10-04,65.0,33.0
2016-10-05,78.0,42.0
2016-10-06,98.0,38.0
2016-10-07,87.0,36.0
2016-10-08,84.0,39.0
2016-10-09,90.0,33.0
2016-10-10,79.0,41.0
2016-10-11,96.0,29.0
2016-10-12,73.0,31.0
2016-10-13,75.0,33.0
2016-10-14,74.0,41.0
2016-10-15,83.0,47.0
2016-10-16,97.0,38.0
2016-10-17,88.0,35.0
2016-10-18,81.0,19.0
2016-10-19,56.0,25.0
2016-10-20,64.0,52.0
2016-10-21,110.0,51.333333333333336
2016-10-22,114.33333333333333,50.666666666666664
2016-10-23,118.66666666666667,50.0
2016-10-24,123.0,31.0
2016-10-25,78.0,31.0
2016-10-26,77.0,37.0
2016-10-27,87.0,34.0
2016-10-28,81.0,34.0
2016-10-29,73.0,43.0
2016-10-30,95.0,39.0
2016-10-31,91.0,49.0
2016-11-01,106.0,41.0
2016-11-02,92.0,35.0
2016-11-03,82.0,38.0
2016-11-04,87.0,46.0
2016-11-05,100.0,51.0
2016-11-06,115.0,48.0
2016-11-07,113.0,47.0
2016-11-08,106.0,46.0
2016-11-09,103.0,38.0
2016-11-10,86.0,28.0
2016-11-11,68.0,37.0
2016-11-12,87.0,48.0
2016-11-13,111.0,44.0
2016-11-14,103.0,48.0
2016-11-15,115.0,59.0
2016-11-16,141.0,48.0
2016-11-17,107.0,53.0
2016-11-18,119.0,57.0
2016-11-19,133.0,52.0
2016-11-20,117.0,42.0
2016-11-21,91.0,33.0
2016-11-22,68.0,22.0
2016-11-23,63.0,15.0
2016-11-24,47.0,24.0
2016-11-25,59.0,28.0
2016-11-26,69.0,25.0
2016-11-27,66.0,22.0
2016-11-28,64.0,30.0
2016-11-29,72.0,52.0
2016-11-30,101.0,53.0
2016-12-01,113.0,60.0
2016-12-02,135.0,59.0
2016-12-03,139.0,61.0
2016-12-04,141.0,64.0
2016-12-05,135.0,67.0
2016-12-06,152.0,51.0
2016-12-07,113.0,68.0
2016-12-08,147.0,67.0
2016-12-09,156.0,58.0
2016-12-10,140.0,54.0
2016-12-11,116.0,50.0
2016-12-12,104.0,43.0
2016-12-13,88.0,51.0
2016-12-14,110.0,47.0
2016-12-15,106.0,47.0
2016-12-16,105.0,49.0
2016-12-17,114.0,51.0
2016-12-18,111.0,50.0
2016-12-19,103.0,46.0
2016-12-20,96.0,46.0
2016-12-21,98.0,37.0
2016-12-22,84.0,43.0
2016-12-23,100.0,38.0
2016-12-24,90.0,50.0
2016-12-25,103.0,52.0
2016-12-26,105.0,55.0
2016-12-27,116.0,31.0
2016-12-28,64.0,42.0
2016-12-29,102.0,46.0
2016-12-30,108.0,52.0
2016-12-31,117.0,55.0
2017-01-01,125.0,37.0
2017-01-02,81.0,48.0
2017-01-03,102.0,51.0
2017-01-04,123.0,42.0
2017-01-05,92.0,46.0
2017-01-06,103.0,51.0
2017-01-07,116.0,49.0
2017-01-08,125.0,66.0
2017-01-09,149.0,57.0
2017-01-10,138.0,55.0
2017-01-11,130.0,63.0
2017-01-12,145.0,70.0
2017-01-13,156.0,37.0
2017-01-14,88.0,30.0
2017-01-15,79.0,42.0
2017-01-16,105.0,42.0
2017-01-17,98.0,39.0
2017-01-18,82.0,42.0
2017-01-19,90.0,66.0
2017-01-20,138.0,39.0
2017-01-21,90.0,56.0
2017-01-22,132.0,56.0
2017-01-23,134.0,56.0
2017-01-24,123.0,55.0
2017-01-25,109.0,42.0
2017-01-26,84.0,48.0
2017-01-27,112.0,45.0
2017-01-28,97.0,43.0
2017-01-29,99.0,38.0
2017-01-30,89.0,34.0
2017-01-31,84.0,41.0
2017-02-01,93.0,41.0
2017-02-02,96.0,38.0
2017-02-03,77.0,39.0
2017-02-04,88.0,39.0
2017-02-05,91.0,39.0
2017-02-06,103.0,44.0
2017-02-07,100.0,55.0
2017-02-08,118.0,48.0
2017-02-09,102.0,34.0
2017-02-10,84.0,57.0
2017-02-11,143.0,57.0
2017-02-12,148.0,57.0
2017-02-13,140.0,51.0
2017-02-14,105.0,40.0
2017-02-15,82.0,42.0
2017-02-16,84.0,44.0
2017-02-17,91.0,50.0
2017-02-18,112.0,42.0
2017-02-19,101.0,50.0
2017-02-20,116.0,50.0
2017-02-21,110.0,43.0
2017-02-22,90.0,34.0
2017-02-23,83.0,54.0
2017-02-24,126.0,35.0
2017-02-25,81.0,30.0
2017-02-26,72.0,24.0
2017-02-27,63.0,41.0
2017-02-28,93.0,53.0
2017-03-01,113.0,76.0
2017-03-02,157.0,54.0
2017-03-03,105.0,57.0
2017-03-04,106.0,52.0
2017-03-05,112.0,55.0
2017-03-06,113.0,47.0
2017-03-07,104.0,52.0
2017-03-08,113.0,45.0
2017-03-09,108.0,56.0
2017-03-10,131.0,61.0
2017-03-11,129.0,29.0
2017-03-12,72.0,33.0
2017-03-13,85.0,54.0
2017-03-14,128.0,34.0
2017-03-15,87.0,35.0
2017-03-16,77.0,45.0
2017-03-17,94.0,49.0
2017-03-18,121.0,42.0
2017-03-19,106.0,37.0
2017-03-20,99.0,37.0
2017-03-21,99.0,42.0
2017-03-22,102.0,51.0
2017-03-23,107.0,53.0
2017-03-24,117.0,43.0
2017-03-25,91.0,46.0
2017-03-26,103.0,29.0
2017-03-27,65.0,48.0
2017-03-28,80.0,59.0
2017-03-29,106.0,63.0
2017-03-30,120.0,65.0
2017-03-31,132.0,51.0
2017-04-01,114.0,28.0
2017-04-02,74.0,47.0
2017-04-03,106.0,50.0
2017-04-04,106.0,53.0
2017-04-05,113.0,50.0
2017-04-06,97.0,49.0
2017-04-07,99.0,43.0
2017-04-08,94.0,39.0
2017-04-09,84.0,27.0
2017-04-10,69.0,26.0
2017-04-11,62.0,38.0
2017-04-12,87.0,44.0
2017-04-13,99.0,35.0
2017-04-14,84.0,43.0
2017-04-15,91.0,43.0
2017-04-16,97.0,40.0
2017-04-17,102.0,33.0
2017-04-18,79.0,39.0
2017-04-19,97.0,31.0
2017-04-20,79.0,27.0
2017-04-21,68.0,33.0
2017-04-22,77.0,40.0
2017-04-23,85.0,38.0
2017-04-24,87.0,52.0
2017-04-25,102.0,47.0
2017-04-26,104.0,62.0
2017-04-27,140.0,32.0
2017-04-28,76.0,28.0
2017-04-29,68.0,46.0
2017-04-30,108.0,43.0
2017-05-01,101.0,40.0
2017-05-02,92.0,41.0
2017-05-03,91.0,30.0
2017-05-04,75.0,30.0
2017-05-05,74.0,55.0
2017-05-06,127.0,73.0
2017-05-07,158.0,38.0
2017-05-08,88.0,45.0
2017-05-09,92.0,39.0
2017-05-10,95.0,75.0
2017-05-11,165.0,42.0
2017-05-12,100.0,39.0
2017-05-13,92.0,41.0
2017-05-14,97.0,47.0
2017-05-15,116.0,25.0
2017-05-16,67.0,24.0
2017-05-17,59.0,32.0
2017-05-18,74.0,39.0
2017-05-19,83.0,39.0
2017-05-20,82.0,31.0
2017-05-21,76.0,24.0
2017-05-22,66.0,29.0
2017-05-23,71.0,37.0
2017-05-24,92.0,34.0
2017-05-25,91.0,37.0
2017-05-26,89.0,42.0
2017-05-27,97.0,46.0
2017-05-28,94.0,47.0
2017-05-29,100.0,36.0
2017-05-30,75.0,34.0
2017-05-31,77.0,31.0
2017-06-01,72.0,21.0
2017-06-02,52.0,31.0
2017-06-03,64.0,32.0
2017-06-04,70.0,33.0
2017-06-05,72.0,34.0
2017-06-06,74.0,31.0
2017-06-07,74.0,25.0
2017-06-08,62.0,24.0
2017-06-09,61.0,22.0
2017-06-10,57.0,26.0
2017-06-11,62.0,24.0
2017-06-12,64.0,17.0
2017-06-13,40.0,17.0
2017-06-14,44.0,37.0
2017-06-15,79.0,36.0
2017-06-16,80.0,33.0
2017-06-17,71.0,26.0
2017-06-18,65.0,20.0
2017-06-19,62.0,26.0
2017-06-20,64.0,27.0
2017-06-21,68.0,27.0
2017-06-22,60.0,31.0
2017-06-23,68.0,25.0
2017-06-24,62.0,22.0
2017-06-25,57.0,19.0
2017-06-26,48.0,24.0
2017-06-27,54.0,23.0
2017-06-28,55.0,19.0
2017-06-29,51.0,19.0
2017-06-30,52.0,21.0
2017-07-01,60.0,17.0
2017-07-02,48.0,22.0
2017-07-03,54.0,26.0
2017-07-04,62.0,25.0
2017-07-05,64.0,21.0
2017-07-06,57.0,22.0
2017-07-07,56.0,22.0
2017-07-08,57.0,26.0
2017-07-09,64.0,21.0
2017-07-10,56.0,21.0
2017-07-11,56.0,23.0
2017-07-12,61.0,23.0
2017-07-13,62.0,22.0
2017-07-14,56.0,20.0
2017-07-15,53.0,18.0
2017-07-16,48.0,20.0
2017-07-17,48.0,16.0
2017-07-18,47.0,21.0
2017-07-19,56.0,22.0
2017-07-20,60.0,23.0
2017-07-21,59.0,23.0
2017-07-22,57.0,21.0
2017-07-23,56.0,19.0
2017-07-24,58.0,21.0
2017-07-25,58.0,22.0
2017-07-26,60.0,23.0
2017-07-27,62.0,22.0
2017-07-28,58.0,28.0
2017-07-29,68.0,48.0
2017-07-30,107.0,64.0
2017-07-31,152.0,38.0
2017-08-01,90.0,28.0
2017-08-02,65.0,30.0
2017-08-03,70.0,25.0
2017-08-04,66.0,25.0
2017-08-05,67.0,33.0
2017-08-06,76.0,24.0
2017-08-07,60.0,17.0
2017-08-08,50.0,16.0
2017-08-09,44.0,22.0
2017-08-10,54.0,26.0
2017-08-11,60.0,27.0
2017-08-12,64.0,23.0
2017-08-13,56.0,17.0
2017-08-14,47.0,17.0
2017-08-15,48.0,15.0
2017-08-16,41.0,21.0
2017-08-17,59.0,22.0
2017-08-18,61.0,30.0
2017-08-19,78.0,26.0
2017-08-20,69.0,25.0
2017-08-21,71.0,38.0
2017-08-22,95.0,56.0
2017-08-23,129.0,18.0
2017-08-24,36.0,33.0
2017-08-25,70.0,24.0
2017-08-26,57.0,25.0
2017-08-27,63.0,13.0
2017-08-28,29.0,19.0
2017-08-29,52.0,35.0
2017-08-30,83.0,46.0
2017-08-31,107.0,44.0
2017-09-01,102.0,57.0
2017-09-02,132.0,57.0
2017-09-03,130.0,45.0
2017-09-04,112.0,19.0
2017-09-05,54.0,29.0
2017-09-06,70.0,28.0
2017-09-07,68.0,29.0
2017-09-08,71.4,30.0
2017-09-09,74.8,31.0
2017-09-10,78.2,32.0
2017-09-11,81.6,33.0
2017-09-12,85.0,53.0
2017-09-13,119.0,40.0
2017-09-14,85.0,44.0
2017-09-15,89.0,44.0
2017-09-16,92.0,62.0
2017-09-17,132.0,72.0
2017-09-18,158.0,61.0
2017-09-19,141.0,44.0
2017-09-20,94.0,42.0
2017-09-21,92.0,32.0
2017-09-22,76.0,29.0
2017-09-23,72.0,32.0
2017-09-24,79.0,28.0
2017-09-25,66.0,26.0
2017-09-26,58.0,30.0
2017-09-27,71.0,39.0
2017-09-28,88.0,35.0
2017-09-29,83.0,29.0
2017-09-30,72.0,35.0
2017-10-01,79.0,28.0
2017-10-02,64.0,25.0
2017-10-03,61.0,28.0
2017-10-04,67.0,35.0
2017-10-05,78.0,35.0
2017-10-06,75.0,40.0
2017-10-07,85.0,37.0
2017-10-08,78.0,43.0
2017-10-09,89.0,35.0
2017-10-10,67.0,39.0
2017-10-11,77.0,36.0
2017-10-12,67.0,40.0
2017-10-13,75.0,41.0
2017-10-14,84.0,37.0
2017-10-15,80.0,13.0
2017-10-16,34.0,26.0
2017-10-17,58.0,27.0
2017-10-18,66.0,34.0
2017-10-19,80.0,32.0
2017-10-20,77.0,33.0
2017-10-21,77.0,38.0
2017-10-22,87.0,48.0
2017-10-23,107.0,57.0
2017-10-24,119.0,61.0
2017-10-25,124.0,54.0
2017-10-26,107.0,56.0
2017-10-27,120.0,56.0
2017-10-28,124.0,57.0
2017-10-29,133.0,58.0
2017-10-30,137.0,54.0
2017-10-31,119.0,62.0
2017-11-01,141.0,44.0
2017-11-02,86.0,46.0
2017-11-03,95.0,49.0
2017-11-04,105.0,54.0
2017-11-05,119.0,69.0
2017-11-06,151.0,55.0
2017-11-07,122.0,49.0
2017-11-08,113.0,45.0
2017-11-09,106.0,42.0
2017-11-10,84.0,52.0
2017-11-11,104.0,49.0
2017-11-12,104.0,39.0
2017-11-13,89.0,27.0
2017-11-14,72.0,36.0
2017-11-15,82.0,38.0
2017-11-16,81.0,41.0
2017-11-17,88.0,50.0
2017-11-18,111.0,46.0
2017-11-19,101.0,32.0
2017-11-20,70.0,40.0
2017-11-21,85.0,34.0
2017-11-22,80.0,38.0
2017-11-23,87.0,49.0
2017-11-24,112.0,55.0
2017-11-25,124.0,49.0
2017-11-26,116.0,49.0
2017-11-27,110.0,35.0
2017-11-28,83.0,44.0
2017-11-29,91.0,40.0
2017-11-30,86.0,40.0
2017-12-01,87.0,37.0
2017-12-02,84.0,35.0
2017-12-03,77.0,50.0
2017-12-04,107.0,54.0
2017-12-05,119.0,54.0
2017-12-06,128.0,58.0
2017-12-07,133.0,64.0
2017-12-08,138.0,59.0
2017-12-09,131.0,73.0
2017-12-10,159.0,76.0
2017-12-11,162.0,60.0
2017-12-12,133.0,66.0
2017-12-13,136.0,37.0
2017-12-14,77.0,36.0
2017-12-15,68.0,44.0
2017-12-16,91.0,43.0
2017-12-17,81.0,36.0
2017-12-18,89.0,64.0
2017-12-19,153.0,50.0
2017-12-20,107.0,46.0
2017-12-21,96.0,45.0
2017-12-22,94.0,55.0
2017-12-23,105.0,58.0
2017-12-24,113.0,72.0
2017-12-25,152.0,59.0
2017-12-26,134.0,68.0
2017-12-27,134.0,49.0
2017-12-28,90.0,51.0
2017-12-29,95.0,47.0
2017-12-30,100.0,35.0
2017-12-31,80.0,51.0
2018-01-01,115.5,67.0
2018-01-02,151.0,64.0
2018-01-03,130.0,49.0
2018-01-04,87.0,41.0
2018-01-05,83.0,38.0
2018-01-06,92.0,20.0
2018-01-07,57.0,13.0
2018-01-08,42.0,23.0
2018-01-09,67.0,42.0
2018-01-10,114.0,35.0
2018-01-11,78.0,34.0
2018-01-12,71.0,33.0
2018-01-13,68.0,50.0
2018-01-14,95.0,36.0
2018-01-15,73.0,44.0
2018-01-16,93.0,47.0
2018-01-17,105.0,72.0
2018-01-18,151.0,59.0
2018-01-19,139.0,48.0
2018-01-20,119.0,45.0
2018-01-21,108.0,57.0
2018-01-22,131.0,88.0
2018-01-23,175.0,56.0
2018-01-24,128.0,47.0
2018-01-25,101.0,39.0
2018-01-26,80.0,49.0
2018-01-27,99.0,45.0
2018-01-28,95.0,45.0
2018-01-29,98.0,23.0
2018-01-30,59.0,36.0
2018-01-31,93.0,22.0
2018-02-01,66.0,45.0
2018-02-02,111.0,48.0
2018-02-03,116.0,51.0
2018-02-04,119.0,61.0
2018-02-05,143.0,57.0
2018-02-06,129.0,49.0
2018-02-07,112.0,59.0
2018-02-08,131.0,55.0
2018-02-09,126.0,54.0
2018-02-10,113.0,69.0
2018-02-11,148.0,66.0
2018-02-12,155.0,59.0
2018-02-13,146.0,64.0
2018-02-14,123.0,59.0
2018-02-15,105.0,61.0
2018-02-16,122.0,60.0
2018-02-17,131.0,52.0
2018-02-18,127.0,50.0
2018-02-19,112.0,42.0
2018-02-20,97.0,42.0
2018-02-21,104.0,35.0
2018-02-22,77.0,28.0
2018-02-23,68.0,23.0
2018-02-24,60.0,40.0
2018-02-25,89.0,53.0
2018-02-26,122.0,33.0
2018-02-27,75.0,38.0
2018-02-28,82.0,50.0
2018-03-01,108.0,55.0
2018-03-02,132.0,44.0
2018-03-03,100.0,58.0
2018-03-04,130.0,39.0
2018-03-05,100.0,39.0
2018-03-06,95.0,44.0
2018-03-07,91.0,37.0
2018-03-08,80.0,23.0
2018-03-09,61.0,33.0
2018-03-10,71.0,47.0
2018-03-11,93.0,40.0
2018-03-12,83.0,41.0
2018-03-13,83.0,47.0
2018-03-14,104.0,47.0
2018-03-15,106.0,62.0
2018-03-16,139.0,58.0
2018-03-17,140.0,47.0
2018-03-18,103.0,48.0
2018-03-19,102.0,53.0
2018-03-20,113.0,38.0
2018-03-21,85.0,36.0
2018-03-22,77.0,43.0
2018-03-23,91.0,52.0
2018-03-24,99.0,58.0
2018-03-25,107.0,56.0
2018-03-26,102.0,60.0
2018-03-27,111.0,63.0
2018-03-28,138.0,57.0
2018-03-29,127.0,52.0
2018-03-30,115.0,44.0
2018-03-31,94.0,35.0
2018-04-01,66.0,44.0
2018-04-02,85.0,54.0
2018-04-03,109.0,49.0
2018-04-04,95.0,46.0
2018-04-05,88.0,38.0
2018-04-06,75.0,46.0
2018-04-07,87.0,68.0
2018-04-08,98.0,68.0
2018-04-09,108.0,64.0
2018-04-10,113.0,46.0
2018-04-11,85.0,53.0
2018-04-12,112.0,39.0
2018-04-13,88.0,30.0
2018-04-14,73.0,30.0
2018-04-15,76.0,35.0
2018-04-16,84.0,39.0
2018-04-17,94.0,35.0
2018-04-18,83.0,57.0
2018-04-19,115.0,53.0
2018-04-20,103.0,58.0
2018-04-21,114.0,52.0
2018-04-22,102.0,46.0
2018-04-23,99.0,30.0
2018-04-24,71.0,39.0
2018-04-25,93.0,42.0
2018-04-26,92.0,53.0
2018-04-27,115.0,53.0
2018-04-28,118.0,56.0
2018-04-29,135.0,52.0
2018-04-30,119.0,44.0
2018-05-01,98.0,31.0
2018-05-02,74.0,30.0
2018-05-03,71.0,43.0
2018-05-04,94.0,37.0
2018-05-05,78.0,48.0
2018-05-06,80.0,25.0
2018-05-07,58.0,21.0
2018-05-08,52.0,28.0
2018-05-09,68.0,36.0
2018-05-10,75.0,45.0
2018-05-11,80.0,49.0
2018-05-12,88.0,41.0
2018-05-13,81.0,31.0
2018-05-14,70.0,26.0
2018-05-15,64.0,22.0
2018-05-16,56.0,28.0
2018-05-17,70.0,24.0
2018-05-18,63.0,26.0
2018-05-19,71.0,25.0
2018-05-20,67.0,21.0
2018-05-21,64.0,27.0
2018-05-22,72.0,25.0
2018-05-23,68.0,27.0
2018-05-24,65.0,28.0
2018-05-25,69.0,22.0
2018-05-26,56.0,19.0
2018-05-27,53.0,23.0
2018-05-28,61.0,41.0
2018-05-29,92.0,25.0
2018-05-30,64.0,21.0
2018-05-31,58.0,19.0
2018-06-01,54.0,29.0
2018-06-02,68.0,32.0
2018-06-03,68.0,36.0
2018-06-04,79.0,32.0
2018-06-05,76.0,23.0
2018-06-06,57.0,23.0
2018-06-07,56.0,22.0
2018-06-08,55.0,22.0
2018-06-09,53.0,31.0
2018-06-10,77.0,36.0
2018-06-11,87.0,51.0
2018-06-12,118.0,44.0
2018-06-13,107.0,25.0
2018-06-14,67.0,42.0
2018-06-15,104.0,34.0
2018-06-16,79.0,33.0
2018-06-17,65.0,34.0
2018-06-18,73.0,31.0
2018-06-19,75.0,24.0
2018-06-20,52.0,31.0
2018-06-21,64.0,33.0
2018-06-22,70.0,30.0
2018-06-23,69.0,32.0
2018-06-24,73.0,24.0
2018-06-25,58.0,24.0
2018-06-26,57.0,27.0
2018-06-27,65.0,26.0
2018-06-28,60.0,23.0
2018-06-29,55.0,25.0
2018-06-30,54.0,29.0
2018-07-01,58.0,23.0
2018-07-02,57.0,30.0
2018-07-03,65.0,35.0
2018-07-04,64.0,37.0
2018-07-05,62.0,43.0
2018-07-06,61.0,28.0
2018-07-07,61.0,32.0
2018-07-08,73.0,28.0
2018-07-09,65.0,34.0
2018-07-10,59.0,34.0
2018-07-11,66.0,36.0
2018-07-12,77.0,24.0
2018-07-13,56.0,24.0
2018-07-14,56.0,25.0
2018-07-15,52.0,27.0
2018-07-16,48.0,31.0
2018-07-17,62.0,36.0
2018-07-18,70.0,29.0
2018-07-19,60.0,33.0
2018-07-20,76.0,39.0
2018-07-21,89.0,24.0
2018-07-22,56.0,26.2
2018-07-23,60.4,28.4
2018-07-24,64.8,30.6
2018-07-25,69.2,32.8
2018-07-26,73.6,35.0
2018-07-27,78.0,31.0
2018-07-28,65.0,32.0
2018-07-29,67.0,27.0
2018-07-30,62.0,24.0
2018-07-31,55.0,29.0
2018-08-01,62.0,25.0
2018-08-02,57.0,23.0
2018-08-03,54.0,25.0
2018-08-04,59.0,31.0
2018-08-05,71.0,33.0
2018-08-06,76.0,33.0
2018-08-07,75.0,33.0
2018-08-08,79.0,28.0
2018-08-09,69.0,22.0
2018-08-10,54.0,19.0
2018-08-11,53.0,23.0
2018-08-12,60.0,20.0
2018-08-13,56.0,23.0
2018-08-14,58.0,21.0
2018-08-15,56.0,29.0
2018-08-16,69.0,29.0
2018-08-17,70.0,28.0
2018-08-18,71.0,31.0
2018-08-19,73.0,23.0
2018-08-20,62.0,42.0
2018-08-21,105.0,47.0
2018-08-22,117.0,47.0
2018-08-23,114.0,36.0
2018-08-24,91.0,59.0
2018-08-25,128.0,64.0
2018-08-26,148.0,54.0
2018-08-27,130.0,38.0
2018-08-28,101.0,32.0
2018-08-29,84.0,27.0
2018-08-30,64.0,42.0
2018-08-31,76.0,43.0
2018-09-01,83.0,37.0
2018-09-02,84.0,28.0
2018-09-03,71.0,30.0
2018-09-04,72.0,26.0
2018-09-05,66.0,34.0
2018-09-06,84.0,42.0
2018-09-07,101.0,37.0
2018-09-08,92.0,50.0
2018-09-09,121.0,45.0
2018-09-10,104.0,32.0
2018-09-11,77.0,59.0
2018-09-12,132.0,33.0
2018-09-13,74.0,30.0
2018-09-14,70.0,39.0
2018-09-15,89.0,37.0
2018-09-16,81.0,19.0
2018-09-17,35.0,23.0
2018-09-18,43.0,27.0
2018-09-19,63.0,43.0
2018-09-20,96.0,44.0
2018-09-21,101.0,32.0
2018-09-22,77.0,33.0
2018-09-23,80.0,22.0
2018-09-24,60.0,29.0
2018-09-25,74.0,32.0
2018-09-26,75.0,42.0
2018-09-27,89.0,48.0
2018-09-28,94.0,54.0
2018-09-29,120.0,50.0
2018-09-30,117.0,45.0
2018-10-01,100.0,50.0
2018-10-02,117.0,54.0
2018-10-03,103.0,61.0
2018-10-04,107.0,56.0
2018-10-05,111.0,54.0
2018-10-06,109.0,52.0
2018-10-07,106.0,49.0
2018-10-08,103.0,52.0
2018-10-09,99.0,48.0
2018-10-10,99.0,54.0
2018-10-11,122.0,43.0
2018-10-12,101.0,36.0
2018-10-13,82.0,40.0
2018-10-14,80.0,38.0
2018-10-15,70.0,39.0
2018-10-16,81.0,36.0
2018-10-17,95.0,35.0
2018-10-18,85.0,24.0
2018-10-19,66.0,45.0
2018-10-20,87.0,40.0
2018-10-21,79.0,39.0
2018-10-22,80.0,43.0
2018-10-23,93.0,47.0
2018-10-24,103.0,37.0
2018-10-25,83.0,47.0
2018-10-26,101.0,60.0
2018-10-27,130.0,41.0
2018-10-28,88.0,48.0
2018-10-29,92.0,42.0
2018-10-30,76.0,44.0
2018-10-31,72.0,44.0
2018-11-01,77.0,45.0
2018-11-02,81.0,45.0
2018-11-03,104.0,32.0
2018-11-04,80.0,30.0
2018-11-05,74.0,33.0
2018-11-06,75.0,35.0
2018-11-07,73.0,40.0
2018-11-08,83.0,56.0
2018-11-09,117.0,48.0
2018-11-10,102.0,43.0
2018-11-11,89.0,44.0
2018-11-12,95.0,53.0
2018-11-13,117.0,49.0
2018-11-14,107.0,39.0
2018-11-15,77.0,47.0
2018-11-16,85.0,49.0
2018-11-17,95.0,40.0
2018-11-18,87.0,29.0
2018-11-19,70.0,42.0
2018-11-20,86.0,32.0
2018-11-21,68.0,46.0
2018-11-22,92.0,36.0
2018-11-23,73.0,47.0
2018-11-24,100.0,45.0
2018-11-25,91.0,40.0
2018-11-26,94.0,21.0
2018-11-27,68.0,30.0
2018-11-28,75.0,25.0
2018-11-29,68.0,43.0
2018-11-30,95.0,45.0
2018-12-01,88.0,52.0
2018-12-02,97.0,46.0
2018-12-03,91.0,40.0
2018-12-04,83.0,30.0
2018-12-05,67.0,33.0
2018-12-06,73.0,39.0
2018-12-07,85.0,45.0
2018-12-08,100.0,38.0
2018-12-09,85.0,35.0
2018-12-10,77.0,41.0
2018-12-11,85.0,39.0
2018-12-12,76.0,31.0
2018-12-13,64.0,43.0
2018-12-14,96.0,44.0
2018-12-15,99.0,49.0
2018-12-16,103.0,56.0
2018-12-17,128.0,37.0
2018-12-18,76.0,48.0
2018-12-19,86.0,55.0
2018-12-20,92.0,60.0
2018-12-21,108.0,54.0
2018-12-22,109.0,52.0
2018-12-23,112.0,34.0
2018-12-24,86.0,26.0
2018-12-25,68.0,38.0
2018-12-26,84.0,56.0
2018-12-27,125.0,48.0
2018-12-28,103.0,42.0
2018-12-29,89.0,33.0
2018-12-30,76.0,49.0
2018-12-31,107.0,46.0
2019-01-01,103.5,43.0
2019-01-02,100.0,43.0
2019-01-03,94.0,29.0
2019-01-04,74.0,36.0
2019-01-05,82.0,86.0
2019-01-06,162.0,49.0
2019-01-07,101.0,41.0
2019-01-08,87.0,63.0
2019-01-09,139.0,49.0
2019-01-10,95.0,47.0
2019-01-11,97.0,52.0
2019-01-12,115.0,97.0
2019-01-13,169.0,45.0
2019-01-14,104.0,53.0
2019-01-15,118.0,46.0
2019-01-16,111.0,42.0
2019-01-17,94.0,41.0
2019-01-18,94.0,51.0
2019-01-19,107.0,54.0
2019-01-20,106.0,35.0
2019-01-21,79.0,46.0
2019-01-22,100.0,64.0
2019-01-23,151.0,61.0
2019-01-24,139.0,61.0
2019-01-25,138.0,59.0
2019-01-26,120.0,63.0
2019-01-27,139.0,60.0
2019-01-28,122.0,42.0
2019-01-29,76.0,42.0
2019-01-30,81.0,38.0
2019-01-31,78.0,48.0
2019-02-01,106.0,46.0
2019-02-02,96.0,54.0
2019-02-03,111.0,69.0
2019-02-04,127.0,58.0
2019-02-05,119.0,58.0
2019-02-06,128.0,59.0
2019-02-07,136.0,44.0
2019-02-08,89.0,48.0
2019-02-09,89.0,46.0
2019-02-10,82.0,29.0
2019-02-11,61.0,39.0
2019-02-12,80.0,25.0
2019-02-13,66.0,41.0
2019-02-14,90.0,33.0
2019-02-15,69.0,32.0
2019-02-16,70.0,41.0
2019-02-17,80.0,27.0
2019-02-18,58.0,27.0
2019-02-19,63.0,26.0
2019-02-20,64.0,40.0
2019-02-21,91.0,37.0
2019-02-22,90.0,38.0
2019-02-23,86.0,34.0
2019-02-24,77.0,19.0
2019-02-25,53.0,32.0
2019-02-26,79.0,42.0
2019-02-27,87.0,47.0
2019-02-28,101.0,50.0
2019-03-01,103.0,42.0
2019-03-02,85.0,43.0
2019-03-03,93.0,33.0
2019-03-04,78.0,29.0
2019-03-05,69.0,36.0
2019-03-06,72.0,36.0
2019-03-07,74.0,18.0
2019-03-08,48.0,20.0
2019-03-09,54.0,26.0
2019-03-10,67.0,25.0
2019-03-11,68.0,28.0
2019-03-12,72.0,40.0
2019-03-13,93.0,48.0
2019-03-14,99.0,50.0
2019-03-15,105.0,38.0
2019-03-16,98.0,42.0
2019-03-17,83.0,50.0
2019-03-18,91.0,45.0
2019-03-19,92.0,43.0
2019-03-20,97.0,46.0
2019-03-21,100.0,24.0
2019-03-22,61.0,29.0
2019-03-23,69.0,20.0
2019-03-24,50.0,18.0
2019-03-25,55.0,32.0
2019-03-26,79.0,33.0
2019-03-27,79.0,38.0
2019-03-28,82.0,39.0
2019-03-29,79.0,27.0
2019-03-30,70.0,30.0
2019-03-31,71.0,41.0
2019-04-01,86.0,49.0
2019-04-02,91.0,34.0
2019-04-03,73.0,41.0
2019-04-04,84.0,39.0
2019-04-05,77.0,53.0
2019-04-06,118.0,63.0
2019-04-07,139.0,30.0
2019-04-08,79.0,30.0
2019-04-09,73.0,27.0
2019-04-10,64.0,28.0
2019-04-11,71.0,32.0
2019-04-12,78.0,23.0
2019-04-13,54.0,34.0
2019-04-14,79.0,36.0
2019-04-15,89.0,46.0
2019-04-16,105.0,33.0
2019-04-17,77.0,38.0
2019-04-18,90.0,39.0
2019-04-19,94.0,25.0
2019-04-20,66.0,27.0
2019-04-21,68.0,31.0
2019-04-22,70.0,25.0
2019-04-23,62.0,23.0
2019-04-24,62.0,24.0
2019-04-25,65.0,28.0
2019-04-26,74.0,36.0
2019-04-27,83.0,35.0
2019-04-28,77.0,27.0
2019-04-29,63.0,37.0
2019-04-30,81.0,32.0
2019-05-01,77.0,44.0
2019-05-02,95.0,36.0
2019-05-03,80.0,44.0
2019-05-04,96.0,40.0
2019-05-05,68.0,19.0
2019-05-06,58.0,17.0
2019-05-07,49.0,20.0
2019-05-08,50.0,25.0
2019-05-09,63.0,24.0
2019-05-10,70.0,33.0
2019-05-11,77.0,44.0
2019-05-12,95.0,37.0
2019-05-13,79.0,44.0
2019-05-14,100.0,36.0
2019-05-15,84.0,26.0
2019-05-16,66.0,32.0
2019-05-17,73.0,32.0
2019-05-18,68.0,32.0
2019-05-19,68.0,32.0
2019-05-20,65.0,34.0
2019-05-21,74.0,44.0
2019-05-22,91.0,49.0
2019-05-23,97.0,40.0
2019-05-24,89.0,46.0
2019-05-25,101.0,34.0
2019-05-26,72.0,23.0
2019-05-27,61.0,26.0
2019-05-28,66.0,27.0
2019-05-29,68.0,30.0
2019-05-30,65.0,37.0
2019-05-31,71.0,30.0
2019-06-01,73.0,19.0
2019-06-02,53.0,18.0
2019-06-03,49.0,18.0
2019-06-04,51.0,25.0
2019-06-05,65.0,25.0
2019-06-06,64.0,23.0
2019-06-07,63.0,18.0
2019-06-08,49.0,17.0
2019-06-09,49.0,18.0
2019-06-10,42.0,22.0
2019-06-11,51.0,29.0
2019-06-12,70.0,33.0
2019-06-13,74.0,27.0
2019-06-14,63.0,34.0
2019-06-15,82.0,33.0
2019-06-16,70.0,36.0
2019-06-17,74.0,31.0
2019-06-18,69.0,22.0
2019-06-19,60.0,26.0
2019-06-20,65.0,17.0
2019-06-21,47.0,17.0
2019-06-22,46.0,18.0
2019-06-23,44.0,19.0
2019-06-24,45.0,25.0
2019-06-25,55.0,31.0
2019-06-26,70.0,29.0
2019-06-27,70.0,27.0
2019-06-28,66.0,25.0
2019-06-29,61.0,25.0
2019-06-30,56.0,26.0
2019-07-01,65.0,19.0
2019-07-02,49.0,19.0
2019-07-03,52.0,23.0
2019-07-04,60.0,33.0
2019-07-05,66.0,22.0
2019-07-06,49.0,21.0
2019-07-07,51.0,22.0
2019-07-08,54.0,30.0
2019-07-09,66.0,32.0
2019-07-10,62.0,29.0
2019-07-11,65.0,27.0
2019-07-12,63.0,34.0
2019-07-13,72.0,35.0
2019-07-14,71.0,37.0
2019-07-15,75.0,36.0
2019-07-16,76.0,37.0
2019-07-17,82.0,49.0
2019-07-18,111.0,64.0
2019-07-19,146.0,42.0
2019-07-20,97.0,32.0
2019-07-21,76.0,24.0
2019-07-22,58.0,27.0
2019-07-23,65.0,27.0
2019-07-24,63.0,26.0
2019-07-25,61.0,23.0
2019-07-26,59.0,19.0
2019-07-27,53.0,18.0
2019-07-28,48.0,20.0
2019-07-29,45.0,19.0
2019-07-30,47.0,21.0
2019-07-31,43.0,12.0
2019-08-01,23.0,18.0
2019-08-02,38.0,23.0
2019-08-03,52.0,19.0
2019-08-04,50.0,26.0
2019-08-05,60.0,21.0
2019-08-06,51.0,25.0
2019-08-07,55.0,24.0
2019-08-08,52.0,29.0
2019-08-09,67.0,34.0
2019-08-10,82.0,35.0
2019-08-11,82.0,20.0
2019-08-12,52.0,22.0
2019-08-13,54.0,24.0
2019-08-14,55.0,24.0
2019-08-15,61.0,20.0
2019-08-16,59.0,27.0
2019-08-17,65.0,24.0
2019-08-18,62.0,17.0
2019-08-19,53.0,28.0
2019-08-20,70.0,33.0
2019-08-21,82.0,28.0
2019-08-22,67.0,39.0
2019-08-23,91.0,46.0
2019-08-24,108.0,61.0
2019-08-25,132.0,38.0
2019-08-26,95.0,24.0
2019-08-27,62.0,30.0
2019-08-28,69.0,38.0
2019-08-29,82.0,25.0
2019-08-30,58.0,23.0
2019-08-31,58.0,15.0
2019-09-01,44.0,23.0
2019-09-02,58.0,20.0
2019-09-03,49.0,25.0
2019-09-04,60.0,19.0
2019-09-05,53.0,24.0
2019-09-06,62.0,27.0
2019-09-07,63.0,39.0
2019-09-08,84.0,36.0
2019-09-09,84.0,38.0
2019-09-10,87.0,25.0
2019-09-11,60.0,29.0
2019-09-12,65.0,32.0
2019-09-13,71.0,33.0
2019-09-14,67.0,34.0
2019-09-15,75.0,33.0
2019-09-16,75.0,36.0
2019-09-17,78.0,45.0
2019-09-18,90.0,48.0
2019-09-19,99.0,46.0
2019-09-20,101.0,52.0
2019-09-21,98.0,48.0
2019-09-22,90.0,42.0
2019-09-23,74.0,41.0
2019-09-24,79.0,45.0
2019-09-25,87.0,48.0
2019-09-26,92.0,48.0
2019-09-27,93.0,53.0
2019-09-28,114.0,54.0
2019-09-29,115.0,54.0
2019-09-30,120.0,79.0
2019-10-01,163.0,61.0
2019-10-02,138.0,54.0
2019-10-03,120.0,41.0
2019-10-04,92.0,38.0
2019-10-05,85.0,32.0
2019-10-06,73.0,26.0
2019-10-07,59.0,37.0
2019-10-08,77.0,44.0
2019-10-09,90.0,47.0
2019-10-10,96.0,44.0
2019-10-11,89.0,49.0
2019-10-12,111.0,54.0
2019-10-13,126.0,40.0
2019-10-14,96.0,38.0
2019-10-15,96.0,40.0
2019-10-16,84.0,38.0
2019-10-17,74.0,44.0
2019-10-18,87.0,49.0
2019-10-19,105.0,54.0
2019-10-20,115.0,49.0
2019-10-21,99.0,49.0
2019-10-22,96.0,45.0
2019-10-23,87.0,40.0
2019-10-24,80.0,45.0
2019-10-25,87.0,47.0
2019-10-26,90.0,45.0
2019-10-27,86.0,56.0
2019-10-28,120.0,57.0
2019-10-29,124.0,29.0
2019-10-30,66.0,42.0
2019-10-31,83.0,59.0
2019-11-01,101.0,46.0
2019-11-02,75.0,39.0
2019-11-03,63.0,48.0
2019-11-04,89.0,58.0
2019-11-05,113.0,56.0
2019-11-06,107.0,54.0
2019-11-07,98.0,53.0
2019-11-08,110.0,50.0
2019-11-09,102.0,48.0
2019-11-10,96.0,49.0
2019-11-11,97.0,42.0
2019-11-12,86.0,42.0
2019-11-13,82.0,54.0
2019-11-14,95.0,54.0
2019-11-15,112.0,50.0
2019-11-16,86.0,41.0
2019-11-17,70.0,39.0
2019-11-18,74.0,58.0
2019-11-19,115.0,51.0
2019-11-20,109.0,45.0
2019-11-21,88.0,51.0
2019-11-22,89.0,45.0
2019-11-23,82.0,35.0
2019-11-24,75.0,33.0
2019-11-25,79.0,34.0
2019-11-26,72.0,45.0
2019-11-27,86.0,44.0
2019-11-28,83.0,44.0
2019-11-29,76.0,37.0
2019-11-30,74.0,44.0
2019-12-01,83.0,49.0
2019-12-02,105.0,47.0
2019-12-03,82.0,48.0
2019-12-04,94.0,51.0
2019-12-05,98.0,42.0
2019-12-06,81.0,51.0
2019-12-07,90.0,55.0
2019-12-08,101.0,40.0
2019-12-09,78.0,49.0
2019-12-10,90.0,58.0
2019-12-11,98.0,60.0
2019-12-12,124.0,51.0
2019-12-13,103.0,55.0
2019-12-14,92.0,49.0
2019-12-15,89.0,44.0
2019-12-16,83.0,41.0
2019-12-17,76.0,36.0
2019-12-18,72.0,35.0
2019-12-19,77.0,50.0
2019-12-20,112.0,50.0
2019-12-21,106.0,33.0
2019-12-22,80.0,61.0
2019-12-23,128.0,61.0
2019-12-24,128.0,46.0
2019-12-25,106.0,48.0
2019-12-26,105.0,12.0
2019-12-27,30.0,55.0
2019-12-28,113.0,55.0
2019-12-29,113.0,48.0
2019-12-30,109.0,47.666666666666664
2019-12-31,102.66666666666667,47.333333333333336
2020-01-01,96.33333333333333,47.0
2020-01-02,90.0,45.0
2020-01-03,90.0,51.0
2020-01-04,108.0,49.0
2020-01-05,111.0,37.0
2020-01-06,80.0,38.0
2020-01-07,76.0,47.0
2020-01-08,92.0,41.0
2020-01-09,81.0,45.0
2020-01-10,83.0,48.0
2020-01-11,99.0,60.0
2020-01-12,120.0,45.0
2020-01-13,88.0,40.0
2020-01-14,82.0,45.0
2020-01-15,96.0,47.0
2020-01-16,95.0,54.0
2020-01-17,118.0,47.0
2020-01-18,91.0,31.0
2020-01-19,69.0,42.0
2020-01-20,93.0,39.0
2020-01-21,92.0,42.0
2020-01-22,91.0,45.0
2020-01-23,100.0,43.0
2020-01-24,93.0,40.0
2020-01-25,90.0,28.0
2020-01-26,71.0,17.0
2020-01-27,52.0,20.0
2020-01-28,52.0,21.0
2020-01-29,53.0,28.0
2020-01-30,72.0,31.0
2020-01-31,78.0,35.0
2020-02-01,84.0,41.0
2020-02-02,89.0,44.0
2020-02-03,90.0,38.0
2020-02-04,77.0,33.0
2020-02-05,77.0,27.0
2020-02-06,65.0,34.0
2020-02-07,68.0,42.0
2020-02-08,85.0,20.0
2020-02-09,50.0,24.0
2020-02-10,62.0,35.0
2020-02-11,78.0,41.0
2020-02-12,87.0,51.0
2020-02-13,102.0,26.0
2020-02-14,66.0,27.0
2020-02-15,65.0,38.0
2020-02-16,81.0,14.0
2020-02-17,42.0,22.0
2020-02-18,50.0,23.0
2020-02-19,51.0,30.0
2020-02-20,58.0,30.0
2020-02-21,64.0,27.0
2020-02-22,58.0,37.0
2020-02-23,81.0,38.0
2020-02-24,72.0,50.0
2020-02-25,78.0,44.0
2020-02-26,80.0,44.0
2020-02-27,90.0,29.0
2020-02-28,67.0,32.0
2020-02-29,68.0,32.0
2020-03-01,71.0,39.0
2020-03-02,89.0,34.0
2020-03-03,74.0,34.0
2020-03-04,69.0,27.0
2020-03-05,67.0,19.0
2020-03-06,52.0,36.0
2020-03-07,78.0,51.0
2020-03-08,104.0,32.0
2020-03-09,79.0,32.0
2020-03-10,71.0,28.0
2020-03-11,60.0,31.0
2020-03-12,68.0,57.0
2020-03-13,105.0,59.0
2020-03-14,138.0,29.0
2020-03-15,73.0,43.0
2020-03-16,94.0,50.0
2020-03-17,84.0,51.0
2020-03-18,82.0,45.0
2020-03-19,89.0,32.0
2020-03-20,78.0,35.0
2020-03-21,85.0,50.0
2020-03-22,101.0,40.0
2020-03-23,92.0,33.0
2020-03-24,77.0,39.0
2020-03-25,77.0,33.0
2020-03-26,69.0,36.0
2020-03-27,85.0,35.0
2020-03-28,78.0,31.0
2020-03-29,74.0,25.0
2020-03-30,46.0,26.333333333333332
2020-03-31,51.666666666666664,27.666666666666668
2020-04-01,57.333333333333336,29.0
2020-04-02,63.0,32.0
2020-04-03,58.0,37.0
2020-04-04,80.0,19.0
2020-04-05,59.0,25.0
2020-04-06,65.0,22.0
2020-04-07,62.0,17.0
2020-04-08,50.0,30.0
2020-04-09,63.0,31.0
2020-04-10,61.0,37.0
2020-04-11,69.0,53.0
2020-04-12,92.0,24.0
2020-04-13,57.0,27.0
2020-04-14,62.0,40.0
2020-04-15,76.0,44.0
2020-04-16,85.0,39.0
2020-04-17,82.0,38.0
2020-04-18,73.0,41.0
2020-04-19,75.0,37.0
2020-04-20,74.0,28.0
2020-04-21,65.0,27.0
2020-04-22,63.0,21.0
2020-04-23,58.0,25.0
2020-04-24,59.0,28.0
2020-04-25,63.0,37.0
2020-04-26,85.0,68.0
2020-04-27,155.0,57.0
2020-04-28,122.0,45.0
2020-04-29,74.0,44.0
2020-04-30,73.0,42.0
2020-05-01,76.0,39.0
2020-05-02,74.0,33.0
2020-05-03,77.0,22.0
2020-05-04,55.0,20.0
2020-05-05,51.0,15.0
2020-05-06,41.0,20.0
2020-05-07,51.0,21.0
2020-05-08,52.0,20.0
2020-05-09,47.0,18.0
2020-05-10,43.0,25.0
2020-05-11,52.0,32.0
2020-05-12,64.0,39.0
2020-05-13,86.0,52.0
2020-05-14,118.0,44.0
2020-05-15,75.0,32.0
2020-05-16,66.0,26.0
2020-05-17,58.0,20.0
2020-05-18,51.0,20.0
2020-05-19,52.0,24.0
2020-05-20,56.0,28.0
2020-05-21,60.0,23.0
2020-05-22,56.0,27.0
2020-05-23,69.0,18.0
2020-05-24,48.0,16.0
2020-05-25,45.0,26.0
2020-05-26,63.0,30.0
2020-05-27,70.0,37.0
2020-05-28,82.0,37.0
2020-05-29,74.0,32.0
2020-05-30,71.0,22.0
2020-05-31,59.0,23.0
2020-06-01,56.0,17.0
2020-06-02,42.0,16.0
2020-06-03,42.0,15.0
2020-06-04,38.0,17.0
2020-06-05,44.0,16.0
2020-06-06,38.0,17.0
2020-06-07,45.0,18.0
2020-06-08,45.0,22.0
2020-06-09,50.0,22.0
2020-06-10,48.0,17.0
2020-06-11,42.0,17.0
2020-06-12,44.0,21.0
2020-06-13,54.0,24.0
2020-06-14,55.0,18.0
2020-06-15,44.0,21.0
2020-06-16,48.0,21.0
2020-06-17,48.0,16.0
2020-06-18,41.0,18.0
2020-06-19,44.0,13.0
2020-06-20,36.0,14.0
2020-06-21,41.0,13.0
2020-06-22,34.0,18.0
2020-06-23,41.0,19.0
2020-06-24,41.0,21.0
2020-06-25,48.0,17.0
2020-06-26,38.0,19.0
2020-06-27,44.0,20.0
2020-06-28,51.0,17.0
2020-06-29,48.0,17.0
2020-06-30,46.0,18.0
2020-07-01,45.0,12.0
2020-07-02,35.0,18.0
2020-07-03,42.0,21.0
2020-07-04,52.0,23.0
2020-07-05,54.0,15.0
2020-07-06,39.0,14.0
2020-07-07,36.0,14.0
2020-07-08,36.0,20.0
2020-07-09,46.0,21.0
2020-07-10,46.0,25.0
2020-07-11,53.0,27.0
2020-07-12,59.0,21.0
2020-07-13,54.0,18.0
2020-07-14,45.0,19.0
2020-07-15,49.0,13.0
2020-07-16,37.0,13.0
2020-07-17,33.0,14.0
2020-07-18,33.0,14.0
2020-07-19,36.0,14.0
2020-07-20,40.0,18.0
2020-07-21,47.0,24.0
2020-07-22,56.0,21.0
2020-07-23,50.0,20.0
2020-07-24,49.0,23.0
2020-07-25,39.0,18.0
2020-07-26,40.0,12.0
2020-07-27,35.0,14.0
2020-07-28,38.0,13.0
2020-07-29,33.0,18.0
2020-07-30,47.0,19.0
2020-07-31,43.0,19.0
2020-08-01,44.0,17.0
2020-08-02,39.0,13.0
2020-08-03,37.0,14.0
2020-08-04,50.0,18.0
2020-08-05,42.0,18.0
2020-08-06,43.0,19.0
2020-08-07,46.0,20.0
2020-08-08,44.0,18.0
2020-08-09,42.0,18.0
2020-08-10,45.0,21.0
2020-08-11,46.0,17.0
2020-08-12,43.0,17.0
2020-08-13,42.0,19.0
2020-08-14,49.0,18.0
2020-08-15,49.0,17.0
2020-08-16,46.0,16.0
2020-08-17,45.0,23.0
2020-08-18,60.0,17.0
2020-08-19,53.0,13.0
2020-08-20,44.0,25.0
2020-08-21,58.0,42.0
2020-08-22,93.0,45.0
2020-08-23,101.0,27.0
2020-08-24,69.0,22.0
2020-08-25,57.0,23.0
2020-08-26,54.0,22.0
2020-08-27,52.0,29.0
2020-08-28,71.0,37.0
2020-08-29,85.0,41.0
2020-08-30,92.0,45.0
2020-08-31,103.0,29.0
2020-09-01,69.0,44.0
2020-09-02,101.0,52.0
2020-09-03,123.0,58.0
2020-09-04,142.0,46.0
2020-09-05,110.0,31.0
2020-09-06,76.0,31.0
2020-09-07,74.0,23.0
2020-09-08,56.0,24.0
2020-09-09,60.0,27.0
2020-09-10,62.0,24.0
2020-09-11,59.0,20.0
2020-09-12,50.0,25.0
2020-09-13,62.0,26.0
2020-09-14,65.0,31.0
2020-09-15,73.0,24.0
2020-09-16,63.0,24.0
2020-09-17,56.0,22.0
2020-09-18,51.0,22.0
2020-09-19,48.0,22.0
2020-09-20,54.0,21.0
2020-09-21,51.0,20.0
2020-09-22,53.0,35.0
2020-09-23,70.0,33.0
2020-09-24,67.0,33.0
2020-09-25,75.0,35.0
2020-09-26,77.0,39.0
2020-09-27,79.0,34.0
2020-09-28,69.0,29.0
2020-09-29,71.0,30.0
2020-09-30,77.0,29.0
2020-10-01,70.0,28.0
2020-10-02,64.0,37.0
2020-10-03,74.0,36.0
2020-10-04,76.0,37.0
2020-10-05,82.0,34.0
2020-10-06,75.0,35.0
2020-10-07,77.0,32.0
2020-10-08,75.0,33.0
2020-10-09,77.0,40.0
2020-10-10,87.0,47.0
2020-10-11,95.0,44.0
2020-10-12,83.0,39.0
2020-10-13,76.0,19.0
2020-10-14,52.0,38.0
2020-10-15,70.0,38.0
2020-10-16,67.0,40.0
2020-10-17,74.0,39.0
2020-10-18,83.0,33.0
2020-10-19,75.0,39.0
2020-10-20,82.0,38.0
2020-10-21,84.0,39.0
2020-10-22,84.0,39.0
2020-10-23,81.0,39.0
2020-10-24,75.0,52.0
2020-10-25,90.0,51.0
2020-10-26,83.0,39.0
2020-10-27,72.0,35.0
2020-10-28,63.0,32.0
2020-10-29,67.0,40.0
2020-10-30,86.0,48.0
2020-10-31,105.0,46.0
2020-11-01,79.0,41.0
2020-11-02,77.0,47.0
2020-11-03,103.0,46.0
2020-11-04,103.0,53.0
2020-11-05,95.0,37.0
2020-11-06,66.0,53.0
2020-11-07,106.0,51.0
2020-11-08,111.0,50.0
2020-11-09,107.0,57.0
2020-11-10,100.0,61.0
2020-11-11,109.0,49.0
2020-11-12,81.0,47.0
2020-11-13,77.0,44.0
2020-11-14,86.0,44.0
2020-11-15,89.0,38.0
2020-11-16,81.0,41.0
2020-11-17,83.0,36.0
2020-11-18,69.0,33.0
2020-11-19,66.0,31.0
2020-11-20,75.0,25.0
2020-11-21,62.0,34.0
2020-11-22,75.0,29.0
2020-11-23,70.0,49.0
2020-11-24,84.0,47.0
2020-11-25,91.0,43.0
2020-11-26,83.0,45.0
2020-11-27,95.0,42.0
2020-11-28,85.0,40.0
2020-11-29,85.0,36.0
2020-11-30,78.0,38.0
2020-12-01,79.0,38.0
2020-12-02,80.0,43.0
2020-12-03,92.0,46.0
2020-12-04,96.0,43.0
2020-12-05,91.0,47.0
2020-12-06,109.0,50.0
2020-12-07,108.0,63.0
2020-12-08,138.0,57.0
2020-12-09,126.0,53.0
2020-12-10,123.0,51.0
2020-12-11,120.0,44.0
2020-12-12,88.0,56.0
2020-12-13,128.0,39.0
2020-12-14,85.0,48.0
2020-12-15,101.0,27.0
2020-12-16,62.0,36.0
2020-12-17,76.0,43.0
2020-12-18,87.0,46.0
2020-12-19,87.0,50.0
2020-12-20,89.0,55.0
2020-12-21,107.0,56.0
2020-12-22,125.0,50.0
2020-12-23,106.0,44.0
2020-12-24,91.0,51.0
2020-12-25,110.0,54.0
2020-12-26,110.0,49.0
2020-12-27,80.0,54.0
2020-12-28,107.0,45.0
2020-12-29,86.0,50.0
2020-12-30,104.0,57.0
2020-12-31,79.0,40.0
2021-01-01,69.0,38.0
2021-01-02,76.0,39.0
2021-01-03,75.0,46.0
2021-01-04,92.0,53.0
2021-01-05,100.0,57.0
2021-01-06,120.0,48.0
2021-01-07,96.0,57.0
2021-01-08,126.0,46.0
2021-01-09,92.0,39.0
2021-01-10,65.0,39.0
2021-01-11,71.0,43.0
2021-01-12,77.0,52.0
2021-01-13,87.0,45.0
2021-01-14,74.0,48.0
2021-01-15,90.0,47.0
2021-01-16,91.0,48.0
2021-01-17,89.0,81.0
2021-01-18,139.0,69.0
2021-01-19,124.0,55.0
2021-01-20,91.0,47.0
2021-01-21,77.0,46.0
2021-01-22,87.0,74.0
2021-01-23,154.0,62.0
2021-01-24,140.0,46.0
2021-01-25,102.0,49.0
2021-01-26,98.0,57.0
2021-01-27,122.0,56.0
2021-01-28,118.0,54.0
2021-01-29,119.0,40.0
2021-01-30,75.0,62.0
2021-01-31,95.0,39.0
2021-02-01,67.0,37.0
2021-02-02,64.0,45.0
2021-02-03,87.0,52.0
2021-02-04,85.0,52.0
2021-02-05,81.0,42.0
2021-02-06,71.0,46.0
2021-02-07,93.0,44.0
2021-02-08,95.0,47.0
2021-02-09,97.0,53.0
2021-02-10,91.0,21.0
2021-02-11,48.0,15.0
2021-02-12,49.0,26.0
2021-02-13,67.0,26.0
2021-02-14,70.0,31.0
2021-02-15,73.0,37.0
2021-02-16,90.0,37.0
